PROY0001_01;;;;;;;Implementado con OK;;; ; ; ; ; 
PROY0001_02;;;;;;;Implementado con OK;;; ; ; ; ; 
PROY0002_01;;;;;;;Implementado con OK;;; ; ; ; ; 
PROY0003_01;;;;;;;Implementado con OK;;; ; ; ; ; 
PROY0004_01;;;;;;;Excluido por negocio;;; ; ; ; ; 
PROY0005_01;;;;;;;Implementado con OK;;; ; ; ; ; 
PROY0006_01;;;;;;;Implementado sin OK;;; ; ; ; ; 
PROY0006_02;;;;;;;Excluido por Timeout;;; ; ; ; ; 
PROY0006_03;;;;;;;Excluido por Timeout;;; ; ; ; ; 
PROY0006_04;;;;;;;Excluido por Timeout;;; ; ; ; ; 
PROY0007_01;;;;;;;Implementado con OK;;; ; ; ; ; 
PROY0008_01;;;;;;;Excluido por negocio;;; ; ; ; ; 
PROY0008_02;;;;;;;Implementado sin OK;;; ; ; ; ; 
PROY0008_03;22/01/2012;22/01/2012;09/02/2013;;;;Implementado con OK;;; ; ; ; ; 
PROY0008_04;;;;;;;Excluido por Timeout;;; ; ; ; ; 
PROY0008_05;;;;;;;Excluido por Timeout;;; ; ; ; ; 
PROY0008_06;24/04/2014;;;;;;Implementado sin OK;;; ; ; ; ; 
PROY0009_01;;;;;;;Implementado con OK;;; ; ; ; ; 
PROY0009_02;;;;;;;Implementado con OK;;; ; ; ; ; 
PROY0009_03;;;;;;;Implementado sin OK;;; ; ; ; ; 
PROY0009_04;;;;;;;En Test  Integración;;; ; ; ; ; 
PROY0010_01;;;;;;;Implementado con OK;;; ; ; ; ; 
PROY0010_02;;;;;;;Excluido por negocio;;; ; ; ; ; 
PROY0010_03;;;;;;;Implementado con OK;;; ; ; ; ; 
PROY0010_04;06/08/2014;07/08/2014;;;;;Implementado con OK;;; ; ; ; ; 
PROY0010_05;;;;;;;Excluido por Timeout;;; ; ; ; ; 
PROY0011_01;;28/09/2012;08/09/2012;Host to Web;;;Implementado con OK;;; ; ; ; ; 
PROY0011_02;13/08/2012;17/08/2012;;;;;Implementado con OK;;; ; ; ; ; 
PROY0011_03;13/08/2012;17/08/2012;11/08/2012;;;;Implementado con OK;;; ; ; ; ; 
PROY0011_04;;;;;;;Implementado con OK;;; ; ; ; ; 
PROY0011_05;;;;;;;Excluido por Timeout;;; ; ; ; ; 
PROY0011_06;;;;;;;En Desarrollo;;; ; ; ; ; 
PROY0011_07;;;;;;;En Desarrollo;;; ; ; ; ; 
PROY0011_08;;;;;;;PDTE Implantar;;; ; ; ; ; 
PROY0013_01;;;;;;;Implementado con OK;;; ; ; ; ; 
PROY0015_01;;;;;;;Implementado con OK;;; ; ; ; ; 
PROY0015_02;;;;;;;Implementado con OK;;; ; ; ; ; 
PROY0015_03;;;;;;;Parado por negocio;;; ; ; ; ; 
PROY0015_04;;;;;;;Parado por negocio;;; ; ; ; ; 
PROY0016_01;;;;;;;Implementado con OK;;; ; ; ; ; 
PROY0016_03;22/10/2013;22/10/2013;;;;;Implementado sin OK;;; ; ; ; ; 
PROY0016_04;22/10/2013;22/10/2013;;;;;Implementado sin OK;;; ; ; ; ; 
PROY0017_01;20/01/2014;20/01/2014;15/02/2014;;;;Implementado sin OK;;; ; ; ; ; 
PROY0017_02;07/03/2013;11/03/2013;07/07/2014;;;;Implementado con OK;;; ; ; ; ; 
PROY0017_03;;;;;;;Excluido por negocio;;; ; ; ; ; 
PROY0017_04;;;;;;;Excluido por negocio;;; ; ; ; ; 
PROY0017_05;;;;;;;Excluido por negocio;;; ; ; ; ; 
PROY0017_06;;;;;;;En Test  Aceptación;;; ; ; ; ; 
PROY0018_01;;;;;;;Implementado con OK;;; ; ; ; ; 
PROY0018_02;;;;;;;Implementado sin OK;;; ; ; ; ; 
PROY0018_03;;;;;;;En Test  Integración;;; ; ; ; ; 
PROY0019_01;;;;;;;Implementado con OK;;; ; ; ; ; 
PROY0019_01;;;;;;;Implementado con OK;;; ; ; ; ; 
PROY0019_02;;;;;;;Implementado con OK;;; ; ; ; ; 
PROY0019_03;;;;;;;Implementado con OK;;; ; ; ; ; 
PROY0019_04;;;;;;;Implementado con OK;;; ; ; ; ; 
PROY0019_05;;;;;;;Implementado con OK;;; ; ; ; ; 
PROY0019_06;18/11/2013;18/11/2013;;;;;Implementado con OK;;; ; ; ; ; 
PROY0020_01;;;;;;;Implementado con OK;;; ; ; ; ; 
PROY0020_02;;;;;;;Implementado sin OK;;; ; ; ; ; 
PROY0020_03;;;;;;;Excluido por negocio;;; ; ; ; ; 
PROY0020_04;;;;;;;Implementado con OK;;; ; ; ; ; 
PROY0020_05;;;;;;;Excluido por negocio;;; ; ; ; ; 
PROY0021_01;16/05/2012;12/06/2012;;PGP;07/05/2012;08/05/2012;Excluido por Timeout;;; ; ; ; ; 
PROY0021_02;24/07/2012;20/08/2012;;PGP;20/07/2012;;Excluido por Timeout;;; ; ; ; ; 
PROY0023_01;;;04/12/2012;;10/12/2012;;Implementado con OK;;; ; ; ; ; 
PROY0024_01;;;15/12/2012;PGP;;;Implementado con OK;;; ; ; ; ; 
PROY0024_02;;;15/12/2012;PGP;;;Implementado con OK;;; ; ; ; ; 
PROY0024_03;;;15/12/2012;PGP;;;Implementado con OK;;; ; ; ; ; 
PROY0024_04;;;;PGP;;;Implementado sin OK;;; ; ; ; ; 
PROY0024_05;;;;PGP;;;Implementado con OK;;; ; ; ; ; 
PROY0024_06;;;;PGP;;;Excluido por Timeout;;; ; ; ; ; 
PROY0024_07;;;08/02/2013;PGP;;;Implementado con OK;;; ; ; ; ; 
PROY0024_08;;;;PGP;;;Implementado con OK;;; ; ; ; ; 
PROY0024_09;;;;PGP;;;Implementado con OK;;; ; ; ; ; 
PROY0024_10;;;;PGP;;;Excluido por Timeout;;; ; ; ; ; 
PROY0024_11;;;;;;;Implementado con OK;;; ; ; ; ; 
PROY0024_12;;;;PGP;;;En Penny Test;;; ; ; ; ; 
PROY0025_01;;;25/06/2012;;30/05/2012;04/06/2012;Implementado con OK;;; ; ; ; ; 
PROY0026_02;06/06/2013;07/06/2013;;;;;Implementado con OK;;; ; ; ; ; 
PROY0026_03;17/07/2013;17/07/2013;;;;;Implementado con OK;;; ; ; ; ; 
PROY0026_04;;;;;;;Implementado con OK;;; ; ; ; ; 
PROY0027_01;17/05/2012;22/05/2012;12/06/2012;;;;Implementado con OK;;; ; ; ; ; 
PROY0027_02;;;;;;;Implementado con OK;;; ; ; ; ; 
PROY0027_03;;;;;;;Parado por negocio;;; ; ; ; ; 
PROY0028_01;;;;;;;Implementado con OK;;; ; ; ; ; 
PROY0028_02;04/10/2013;05/10/2013;;;;;Implementado con OK;;; ; ; ; ; 
PROY0028_03;04/10/2013;05/10/2013;;;;;Implementado sin OK;;; ; ; ; ; 
PROY0028_04;;;;;;;Implementado con OK;;; ; ; ; ; 
PROY0028_05;;;;;;;Implementado sin OK;;; ; ; ; ; 
PROY0028_06;;;;;;;Excluido por Timeout;;; ; ; ; ; 
PROY0029_01;15/03/2012;;;;;;Excluido por Timeout;;; ; ; ; ; 
PROY0029_02;13/09/2011;14/02/2012;;;;;Implementado con OK;;; ; ; ; ; 
PROY0030_01;;;;;;;Implementado con OK;;; ; ; ; ; 
PROY0030_02;;;;;;;Implementado con OK;;; ; ; ; ; 
PROY0030_03;;;;;;;Implementado con OK;;; ; ; ; ; 
PROY0030_04;;;;;;;Implementado con OK;;; ; ; ; ; 
PROY0030_05;;;;;;;En Penny Test;;; ; ; ; ; 
PROY0030_06;;;;;;;Excluido por Timeout;;; ; ; ; ; 
PROY0031_01;20/05/2014;11/06/2014;;;;;Implementado con OK;;; ; ; ; ; 
PROY0031_02;;;;;;;Excluido por Timeout;;; ; ; ; ; 
PROY0032_00;;;;;;;Implementado con OK;;; ; ; ; ; 
PROY0032_01;;;;;;;Implementado con OK;;; ; ; ; ; 
PROY0032_02;;;;;;;Excluido por Timeout;;; ; ; ; ; 
PROY0033_01;10/03/2014;12/03/2014;;;;;Implementado con OK;;; ; ; ; ; 
PROY0033_02;;;;;;;Excluido por negocio;;; ; ; ; ; 
PROY0033_03;;;;;;;Excluido por negocio;;; ; ; ; ; 
PROY0033_04;;;;;;;Excluido por negocio;;; ; ; ; ; 
PROY0033_05;;;;;;;Excluido por negocio;;; ; ; ; ; 
PROY0033_06;;;;;;;Excluido por negocio;;; ; ; ; ; 
PROY0033_07;;;;;;;Excluido por Timeout;;; ; ; ; ; 
PROY0034_01;;;11/08/2012;;;;Implementado con OK;;; ; ; ; ; 
PROY0035_01;08/05/2012;08/05/2012;12/05/2012;;;;Implementado con OK;;; ; ; ; ; 
PROY0035_02;08/05/2012;10/05/2012;;;;;Implementado con OK;;; ; ; ; ; 
PROY0035_03;08/05/2012;10/05/2012;;;;;Implementado con OK;;; ; ; ; ; 
PROY0036_01;14/05/2012;14/05/2012;21/07/2012;;;;Implementado con OK;;; ; ; ; ; 
PROY0036_02;;;07/02/2012;;;;Implementado con OK;;; ; ; ; ; 
PROY0036_03;01/07/2013;02/07/2013;;;;;Implementado con OK;;; ; ; ; ; 
PROY0036_04;;;;;;;Implementado con OK;;; ; ; ; ; 
PROY0036_05;19/05/2014;20/05/2014;26/07/2014;;;;Implementado con OK;;; ; ; ; ; 
PROY0036_06;26/08/2014;31/08/2014;;;;;Excluido por negocio;;; ; ; ; ; 
PROY0036_07;26/08/2014;01/09/2014;;;;;Implementado con OK;;; ; ; ; ; 
PROY0036_08;;;;;;;Excluido por negocio;;; ; ; ; ; 
PROY0037_01;03/05/2012;15/06/2012;08/09/2012;;08/03/2012;18/07/2012;Implementado con OK;;; ; ; ; ; 
PROY0037_02;27/09/2012;22/10/2012;;;09/07/2012;26/10/2012;Excluido por Timeout;;; ; ; ; ; 
PROY0037_03;;;;;;;Excluido por Timeout;;; ; ; ; ; 
PROY0037_04;;;;;;;Implementado con OK;;; ; ; ; ; 
PROY0039_01;;;;;;;Implementado con OK;;; ; ; ; ; 
PROY0039_02;;;;;;;Excluido por Timeout;;; ; ; ; ; 
PROY0039_03;;;;;;;Excluido por Timeout;;; ; ; ; ; 
PROY0040_01;11/03/2013;03/04/2013;;;;;Excluido por Timeout;;; ; ; ; ; 
PROY0041_01;03/03/2013;03/03/2013;;;;;Implementado con OK;;; ; ; ; ; 
PROY0041_02;03/03/2013;03/03/2013;;;;;Implementado con OK;;; ; ; ; ; 
PROY0041_03;;;;;;;Excluido por Timeout;;; ; ; ; ; 
PROY0041_04;;;;;;;Implementado con OK;;; ; ; ; ; 
PROY0041_05;;;;;;;PDTE Doc Alcance en GCS;;; ; ; ; ; 
PROY0041_06;;;;;;;PDTE Doc Alcance en GCS;;; ; ; ; ; 
PROY0041_07;;;;;;;PDTE Doc Alcance en GCS;;; ; ; ; ; 
PROY0042_01;;;02/09/2011;PGP;;;Implementado con OK;;; ; ; ; ; 
PROY0042_02;14/11/2013;15/11/2013;;;;;Implementado con OK;;; ; ; ; ; 
PROY0042_03;;;;;;;Implementado sin OK;;; ; ; ; ; 
PROY0042_04;;;20/09/2014;;;;Implementado con OK;;; ; ; ; ; 
PROY0042_05;;;13/12/2014;;;;Implementado sin OK;;; ; ; ; ; 
PROY0043_01;;;;;;;Implementado con OK;;; ; ; ; ; 
PROY0044_01;;;;;;;Implementado con OK;;; ; ; ; ; 
PROY0044_02;;;;;;;Excluido por Timeout;;; ; ; ; ; 
PROY0044_03;25/11/2013;02/12/2013;;;;;Implementado con OK;;; ; ; ; ; 
PROY0044_04;25/11/2013;02/12/2013;;;;;Implementado sin OK;;; ; ; ; ; 
PROY0045_01;;;;;;;Implementado con OK;;; ; ; ; ; 
PROY0046_01;28/04/2104;11/07/2014;06/09/2014;;;;En Penny Test;;; ; ; ; ; 
PROY0046_02;;;;;;;En Test  Conectividad;;; ; ; ; ; 
PROY0047_01;;;12/03/2012;;;;Implementado con OK;;; ; ; ; ; 
PROY0047_02;07/10/2013;14/10/2013;;;;;Implementado con OK;;; ; ; ; ; 
PROY0047_03;06/05/2014;06/05/2014;17/05/2014;;;;Implementado con OK;;; ; ; ; ; 
PROY0047_04;28/10/2014;28/10/2014;03/11/2014;;;;Implementado con OK;;; ; ; ; ; 
PROY0047_05;;;;;;;PDTE Doc Alcance en GCS;;; ; ; ; ; 
PROY0048_01;;;;;;;Implementado con OK;;; ; ; ; ; 
PROY0048_02;;;;;;;Implementado con OK;;; ; ; ; ; 
PROY0048_03;16/10/2013;16/10/2013;09/11/2013;;;;Implementado con OK;;; ; ; ; ; 
PROY0048_04;;;;;;;Implementado con OK;;; ; ; ; ; 
PROY0048_05;;;;;;;Implementado con OK;;; ; ; ; ; 
PROY0049_01;;;;;;;Implementado con OK;;; ; ; ; ; 
PROY0049_02;;;;;;;Excluido por Timeout;;; ; ; ; ; 
PROY0049_03;09/07/2014;16/07/2014;;;;;En Penny Test;;; ; ; ; ; 
PROY0050_01;;;;;;;Implementado con OK;;; ; ; ; ; 
PROY0051_01;;;;;;;Implementado con OK;;; ; ; ; ; 
PROY0051_02;14/08/2012;;;;;;Excluido por negocio;;; ; ; ; ; 
PROY0051_03;14/08/2012;12/03/2013;;;;;Implementado con OK;;; ; ; ; ; 
PROY0051_04;;;;;;;En Penny Test;;; ; ; ; ; 
PROY0052_01;;;;;;;Implementado con OK;;; ; ; ; ; 
PROY0052_02;;;;;;;Implementado con OK;;; ; ; ; ; 
PROY0052_03;;;;;;;Implementado con OK;;; ; ; ; ; 
PROY0053_01;;;;;;;Implementado con OK;;; ; ; ; ; 
PROY0053_02;;11/05/2012;;;11/05/2012;;Implementado con OK;;; ; ; ; ; 
PROY0053_03;15/10/2013;28/10/2013;14/12/2013;;;;Implementado con OK;;; ; ; ; ; 
PROY0053_04;;;26/11/2013;;;;Excluido por Timeout;;; ; ; ; ; 
PROY0053_05;;;;;;;Excluido por Timeout;;; ; ; ; ; 
PROY0053_06;;;;;;;Implementado con OK;;; ; ; ; ; 
PROY0053_07;;;;;;;En Test  Aceptación;;; ; ; ; ; 
PROY0054_01;;;;;;;Implementado con OK;;; ; ; ; ; 
PROY0054_02;;;11/02/2013;;;;Implementado con OK;;; ; ; ; ; 
PROY0054_03;;;27/11/2013;;;;Implementado con OK;;; ; ; ; ; 
PROY0054_04;;;;;;;Implementado con OK;;; ; ; ; ; 
PROY0055_01;;;;;;;Implementado con OK;;; ; ; ; ; 
PROY0055_02;31/07/2013;31/07/2013;;;;;Implementado con OK;;; ; ; ; ; 
PROY0055_03;14/10/2013;;;;;;Implementado con OK;;; ; ; ; ; 
PROY0056_01;;;;;;;Excluido por Timeout;;; ; ; ; ; 
PROY0057_01;;;;;;;Implementado con OK;;; ; ; ; ; 
PROY0057_02;04/02/2013;04/02/2013;;;;;Implementado con OK;;; ; ; ; ; 
PROY0057_03;24/04/2014;21/11/2014;;;;;Implementado con OK;;; ; ; ; ; 
PROY0057_04;;;;;;;En Test  Integración;;; ; ; ; ; 
PROY0058_01;;;;CIPHER y AUTACK;;;Implementado con OK;;; ; ; ; ; 
PROY0058_02;08/08/2012;29/08/2012;22/09/2012;CIPHER y AUTACK;;;Implementado con OK;;; ; ; ; ; 
PROY0058_03;;;;CIPHER y AUTACK;;;Implementado con OK;;; ; ; ; ; 
PROY0058_04;;;;CIPHER y AUTACK;;;Implementado con OK;;; ; ; ; ; 
PROY0058_05;;;;CIPHER y AUTACK;;;Implementado con OK;;; ; ; ; ; 
PROY0058_06;;;;CIPHER y AUTACK;;;Implementado con OK;;; ; ; ; ; 
PROY0058_07;;;;CIPHER y AUTACK;;;Implementado con OK;;; ; ; ; ; 
PROY0058_08;;;;CIPHER y AUTACK;;;Implementado con OK;;; ; ; ; ; 
PROY0058_09;;;;CIPHER y AUTACK;;;En Test  Integración;;; ; ; ; ; 
PROY0058_10;;;;CIPHER y AUTACK;;;En Test  Integración;;; ; ; ; ; 
PROY0058_11;;;;;;;PDTE Doc Alcance en GCS;;; ; ; ; ; 
PROY0059_01;;;;;;;Implementado con OK;;; ; ; ; ; 
PROY0059_02;;;;;;;Implementado con OK;;; ; ; ; ; 
PROY0059_03;;;;;;;Implementado con OK;;; ; ; ; ; 
PROY0059_04;24/06/2013;26/08/2013;;;;;Excluido por Timeout;;; ; ; ; ; 
PROY0059_05;24/06/2013;26/08/2013;;;;;Implementado con OK;;; ; ; ; ; 
PROY0060_01;;;;;;;Implementado con OK;;; ; ; ; ; 
PROY0061_01;;;;;;;Implementado con OK;;; ; ; ; ; 
PROY0061_02;;;;;;;Implementado con OK;;; ; ; ; ; 
PROY0061_03;;;23/11/2013;;;;Implementado con OK;;; ; ; ; ; 
PROY0062_01;;;;;;;Implementado con OK;;; ; ; ; ; 
PROY0062_02;;;;;;;Implementado con OK;;; ; ; ; ; 
PROY0062_03;;;;;;;Implementado con OK;;; ; ; ; ; 
PROY0063_01;;;;;;;Implementado con OK;;; ; ; ; ; 
PROY0064_01;26/03/2012;27/03/2012;26/05/2012;;;;Implementado con OK;;; ; ; ; ; 
PROY0064_02;23/03/2012;24/03/2012;26/05/2012;;;;Implementado con OK;;; ; ; ; ; 
PROY0064_03;23/03/2012;24/03/2012;26/05/2012;;;;Implementado con OK;;; ; ; ; ; 
PROY0064_04;;;;;;;Implementado con OK;;; ; ; ; ; 
PROY0064_05;;;;;;;Implementado con OK;;; ; ; ; ; 
PROY0064_06;;;;;;;Excluido por negocio;;; ; ; ; ; 
PROY0064_07;;;;;;;Excluido por Timeout;;; ; ; ; ; 
PROY0064_08;;;;;;;Implementado con OK;;; ; ; ; ; 
PROY0064_09;;;;;;;Excluido por Timeout;;; ; ; ; ; 
PROY0064_10;;;;;;;Excluido por Timeout;;; ; ; ; ; 
PROY0064_11;;;;;;;En Test  Aceptación;;; ; ; ; ; 
PROY0065_01;05/11/2012;05/11/2012;17/11/2012;;05/11/2012;05/11/2012;Implementado sin OK;;; ; ; ; ; 
PROY0065_02;;;;;;;PDTE Valoración IT;;; ; ; ; ; 
PROY0066_01;;;12/09/2012;;;;Implementado con OK;;; ; ; ; ; 
PROY0066_02;;;12/09/2012;;;;Implementado con OK;;; ; ; ; ; 
PROY0067_01;;;;;;;Excluido por Timeout;;; ; ; ; ; 
PROY0067_02;;;;;;;Implementado con OK;;; ; ; ; ; 
PROY0067_03;;;;;;;En Penny Test;;; ; ; ; ; 
PROY0068_01;22/04/2013;24/04/2013;;;;;Implementado con OK;;; ; ; ; ; 
PROY0068_02;22/04/2013;24/04/2013;;;;;Implementado con OK;;; ; ; ; ; 
PROY0068_03;;;;;;;En Desarrollo;;; ; ; ; ; 
PROY0068_04;22/04/2013;24/04/2013;;;;;Excluido por Timeout;;; ; ; ; ; 
PROY0068_05;;;;;;;Implementado con OK;;; ; ; ; ; 
PROY0069_01;10/10/2012;15/10/2012;09/11/2012;;;;Implementado con OK;;; ; ; ; ; 
PROY0069_02;;;;;;;Implementado con OK;;; ; ; ; ; 
PROY0069_03;30/07/2013;01/08/2013;;;;;Implementado con OK;;; ; ; ; ; 
PROY0070_01;;;;;;;Excluido por negocio;;; ; ; ; ; 
PROY0071_01;05/03/2013;05/03/2013;23/03/2013;PGP;28/02/2013;12/03/2013;Implementado con OK;;; ; ; ; ; 
PROY0071_02;;;;PGP;;;Excluido por Timeout;;; ; ; ; ; 
PROY0072_01;10/12/2012;11/12/2012;;;;;Implementado con OK;;; ; ; ; ; 
PROY0072_02;03/12/2012;04/12/2012;;;;;Implementado con OK;;; ; ; ; ; 
PROY0072_03;10/12/2012;11/12/2012;;;;;Excluido por Timeout;;; ; ; ; ; 
PROY0072_04;10/12/2012;11/12/2012;;;;;Excluido por Timeout;;; ; ; ; ; 
PROY0073_01;11/01/2013;15/01/2013;;;;;Implementado con OK;;; ; ; ; ; 
PROY0073_02;14/02/2013;14/02/2013;;;;;Implementado con OK;;; ; ; ; ; 
PROY0074_01;10/12/2012;10/12/2012;;;;;Implementado con OK;;; ; ; ; ; 
PROY0075_01;;;;;;;Excluido por Timeout;;; ; ; ; ; 
PROY0075_02;;;;;;;Excluido por Timeout;;; ; ; ; ; 
PROY0076_01;08/04/2013;08/04/2013;;;;;Implementado con OK;;; ; ; ; ; 
PROY0076_02;;;;;;;En Test  Conectividad;;; ; ; ; ; 
PROY0078_01;10/01/2013;14/01/2013;;;;;Implementado con OK;;; ; ; ; ; 
PROY0079_01;09/01/2013;09/01/2013;26/01/2013;;;;Implementado con OK;;; ; ; ; ; 
PROY0080_01;01/04/2013;01/04/2013;20/04/2013;;;;Implementado con OK;;; ; ; ; ; 
PROY0080_02;08/04/2013;08/04/2013;20/04/2013;;;;Implementado con OK;;; ; ; ; ; 
PROY0081_01;08/02/2013;04/03/2013;25/03/2013;;;;Implementado con OK;;; ; ; ; ; 
PROY0081_02;;;;;;;Excluido por negocio;;; ; ; ; ; 
PROY0081_03;;;;;;;Excluido por negocio;;; ; ; ; ; 
PROY0081_04;;;;;;;PDTE Valoración IT;;; ; ; ; ; 
PROY0082_01;21/03/2013;21/03/2013;06/04/2013;;;;Implementado con OK;;; ; ; ; ; 
PROY0083_01;21/02/2014;24/02/2014;;;;;Implementado con OK;;; ; ; ; ; 
PROY0084_01;;;;;;;Implementado con OK;;; ; ; ; ; 
PROY0085_01;24/04/2013;23/05/2013;22/04/2013;;;;Implementado con OK;;; ; ; ; ; 
PROY0085_02;24/04/2013;23/05/2013;22/04/2013;;;;Implementado con OK;;; ; ; ; ; 
PROY0085_03;24/04/2013;23/05/2013;22/04/2013;;;;Implementado con OK;;; ; ; ; ; 
PROY0086_01;;;;;;;Excluido por Timeout;;; ; ; ; ; 
PROY0086_02;04/12/2013;10/03/2014;;;;;Implementado con OK;;; ; ; ; ; 
PROY0087_01;09/04/2013;22/04/2013;;PGP-H2Web;25/03/2013;26/03/2013;Implementado con OK;;; ; ; ; ; 
PROY0087_02;09/04/2013;22/04/2013;;PGP-H2Web;25/03/2013;26/03/2013;Implementado con OK;;; ; ; ; ; 
PROY0087_03;09/04/2013;22/04/2013;;PGP-H2Web;25/03/2013;26/03/2013;Excluido por Timeout;;; ; ; ; ; 
PROY0087_04;28/11/2013;28/11/2013;;PGP-H2Web;25/03/2013;26/03/2013;Implementado con OK;;; ; ; ; ; 
PROY0087_05;09/04/2013;22/04/2013;;PGP-H2Web;25/03/2013;26/03/2013;Excluido por Timeout;;; ; ; ; ; 
PROY0088_01;15/04/2013;18/04/2013;20/04/2013;;;;Implementado con OK;;; ; ; ; ; 
PROY0088_02;;;;;;;Implementado con OK;;; ; ; ; ; 
PROY0088_03;;;;;;;Implementado con OK;;; ; ; ; ; 
PROY0088_04;09/07/2013;09/07/2013;;;;;Implementado con OK;;; ; ; ; ; 
PROY0089_01;;;;;;;Implementado con OK;;; ; ; ; ; 
PROY0089_02;;;;;;;Parado por negocio;;; ; ; ; ; 
PROY0089_03;;;;;;;PDTE Doc Alcance en GCS;;; ; ; ; ; 
PROY0090_01;;;;Host to Web;;;Excluido por Timeout;;; ; ; ; ; 
PROY0091_01;;;;PGP;;;Excluido por negocio;;; ; ; ; ; 
PROY0091_02;18/07/2013;05/08/2013;07/11/2013;PGP;17/01/2014;17/03/2014;Implementado con OK;;; ; ; ; ; 
PROY0091_03;;;;PGP;;;Implementado con OK;;; ; ; ; ; 
PROY0091_04;;;;PGP;;;Implementado con OK;;; ; ; ; ; 
PROY0091_05;;;;PGP;;;Excluido por negocio;;; ; ; ; ; 
PROY0091_06;;;;PGP;;;PDTE Valoración IT;;; ; ; ; ; 
PROY0093_02;09/07/2013;09/07/2013;;;;;Implementado con OK;;; ; ; ; ; 
PROY0093_03;;;;;;;En Test  Aceptación;;; ; ; ; ; 
PROY0094_01;25/01/2014;21/01/2014;07/06/2014;PGP-H2Web;11/02/2014;11/02/2014;En Penny Test;;; ; ; ; ; 
PROY0094_02;25/03/2014;15/08/2014;23/08/2014;;25/03/2014;15/08/2014;En Penny Test;;; ; ; ; ; 
PROY0094_03;;;07/06/2014;;;;En Penny Test;;; ; ; ; ; 
PROY0094_04;;;;;;;Excluido por Timeout;;; ; ; ; ; 
PROY0094_05;;;;;;;Excluido por Timeout;;; ; ; ; ; 
PROY0095_01;18/07/2013;18/07/2013;;;;;Implementado con OK;;; ; ; ; ; 
PROY0096_01;;;;;;;Excluido por Timeout;;; ; ; ; ; 
PROY0096_02;25/08/2014;25/08/2014;;Host to Web;;;En Test  Aceptación;;; ; ; ; ; 
PROY0097_01;;;;;;;Excluido por Timeout;;; ; ; ; ; 
PROY0098_01;15/11/2013;15/11/2013;;;;;Implementado sin OK;;; ; ; ; ; 
PROY0099_01;17/06/2013;19/06/2013;06/07/2013;;;;Implementado con OK;;; ; ; ; ; 
PROY0100_01;17/07/2013;08/08/2013;;;;;Implementado con OK;;; ; ; ; ; 
PROY0101_01;;;01/08/2013;;;;Implementado con OK;;; ; ; ; ; 
PROY0102_01;05/08/2013;05/08/2013;;;;;Implementado con OK;;; ; ; ; ; 
PROY0102_02;;;;;;;Excluido por Timeout;;; ; ; ; ; 
PROY0103_01;22/07/2013;22/07/2013;05/10/2013;;;;Implementado sin OK;;; ; ; ; ; 
PROY0103_02;29/08/2013;10/09/2013;05/10/2013;;;;Implementado con OK;;; ; ; ; ; 
PROY0103_03;;;;;;;Excluido por Timeout;;; ; ; ; ; 
PROY0103_04;;;;;;;Excluido por Timeout;;; ; ; ; ; 
PROY0103_05;;;;;;;Excluido por negocio;;; ; ; ; ; 
PROY0103_06;;;;;;;Excluido por negocio;;; ; ; ; ; 
PROY0103_07;13/08/2014;13/08/2014;;;;;En Test  Aceptación;;; ; ; ; ; 
PROY0103_08;13/08/2014;13/08/2014;;;;;Implementado con OK;;; ; ; ; ; 
PROY0104_01;31/07/2013;31/07/2013;;;;;Implementado con OK;;; ; ; ; ; 
PROY0105_01;05/12/2013;06/01/2014;25/01/2014;;;;Implementado con OK;;; ; ; ; ; 
PROY0106_01;05/08/2013;06/08/2013;;;;;Implementado con OK;;; ; ; ; ; 
PROY0106_02;;;;;;;Implementado con OK;;; ; ; ; ; 
PROY0107_01;25/07/2013;29/07/2013;25/07/2013;;;;Implementado con OK;;; ; ; ; ; 
PROY0108_01;26/08/2013;28/08/2013;;;;;Implementado con OK;;; ; ; ; ; 
PROY0108_02;22/07/2014;22/07/2014;20/09/2014;;;;Implementado con OK;;; ; ; ; ; 
PROY0109_01;;;;;;;Excluido por Timeout;;; ; ; ; ; 
PROY0110_01;;;;;;;Excluido por Timeout;;; ; ; ; ; 
PROY0111_01;04/10/2013;14/10/2013;09/12/2013;;;;Implementado con OK;;; ; ; ; ; 
PROY0111_02;26/05/2014;26/05/2014;07/06/2014;;;;Implementado con OK;;; ; ; ; ; 
PROY0111_03;;;06/09/2014;;;;En Penny Test;;; ; ; ; ; 
PROY0111_04;29/07/2014;29/07/2014;;;;;Implementado con OK;;; ; ; ; ; 
PROY0111_05;;;;;;;Implementado con OK;;; ; ; ; ; 
PROY0111_06;;;;;;;Parado por producto;;; ; ; ; ; 
PROY0112_01;;;;;;;Excluido por Timeout;;; ; ; ; ; 
PROY0113_01;21/11/2013;21/11/2013;;;;;Implementado con OK;;; ; ; ; ; 
PROY0113_02;;;;;;;Excluido por Timeout;;; ; ; ; ; 
PROY0114_01;27/11/2013;28/11/2013;27/11/2013;;;;Implementado con OK;;; ; ; ; ; 
PROY0114_02;27/11/2013;02/12/2013;27/11/2013;;;;Implementado sin OK;;; ; ; ; ; 
PROY0114_03;;;;;;;Excluido por timeout;;; ; ; ; ; 
PROY0114_04;;;;;;;Parado por negocio;;; ; ; ; ; 
PROY0115_01;14/01/2014;;21/08/2014;PGP-H2Web;04/12/2013;;Implementado con OK;;; ; ; ; ; 
PROY0116_01;;;;;;;Implementado con OK;;; ; ; ; ; 
PROY0117_01;14/03/2014;;;;;;Excluido por Timeout;;; ; ; ; ; 
PROY0117_02;05/03/2014;02/04/2014;;;;;Implementado sin OK;;; ; ; ; ; 
PROY0118_01;20/12/2013;20/12/2013;;;;;Excluido por Timeout;;; ; ; ; ; 
PROY0118_02;;;;;;;Excluido por negocio;;; ; ; ; ; 
PROY0119_01;;;;;;;Implementado con OK;;; ; ; ; ; 
PROY0119_02;;;;;;;Implementado sin OK;;; ; ; ; ; 
PROY0120_01;09/06/2014;06/10/2014;;;;;En Test  Aceptación;;; ; ; ; ; 
PROY0120_02;10/03/2014;14/03/2014;;;;;Implementado con OK;;; ; ; ; ; 
PROY0121_01;;;;;;;Excluido por negocio;;; ; ; ; ; 
PROY0122_01;24/02/2014;06/03/2014;12/04/2014;;;;Implementado con OK;;; ; ; ; ; 
PROY0122_02;24/02/2014;26/02/2014;24/02/2014;;;;Implementado con OK;;; ; ; ; ; 
PROY0122_03;;;;;;;En Penny Test;;; ; ; ; ; 
PROY0122_04;07/08/2014;07/08/2014;10/05/2014;;;;Implementado sin OK;;; ; ; ; ; 
PROY0122_05;23/10/2014;23/10/2014;;;;;En Test  Aceptación;;; ; ; ; ; 
PROY0123_01;06/03/2014;06/03/2014;06/03/2014;;;;Implementado con OK;;; ; ; ; ; 
PROY0124_01;;;;;;;Excluido por negocio;;; ; ; ; ; 
PROY0125_01;24/06/2014;24/06/2014;;;;;Parado por negocio;;; ; ; ; ; 
PROY0126_01;11/04/2014;11/04/2014;;;;;Excluido por negocio;;; ; ; ; ; 
PROY0126_02;27/06/2014;27/06/2014;;;;;En Penny Test;;; ; ; ; ; 
PROY0127_01;16/07/2014;16/07/2014;09/08/2014;;;;Implementado con OK;;; ; ; ; ; 
PROY0127_02;08/08/2014;;;;;;Implementado con OK;;; ; ; ; ; 
PROY0128_01;10/04/2014;14/05/2014;;;;;Implementado con OK;;; ; ; ; ; 
PROY0128_02;30/05/2014;30/05/2014;;;;;Implementado con OK;;; ; ; ; ; 
PROY0128_03;;;;;;;En Test  Integración;;; ; ; ; ; 
PROY0128_04;29/09/2014;29/09/2014;;;;;Implementado con OK;;; ; ; ; ; 
PROY0128_05;;;;;;;Implementado con OK;;; ; ; ; ; 
PROY0128_06;18/12/2014;20/12/2014;;;;;En Penny Test;;; ; ; ; ; 
PROY0129_01;06/05/2014;07/05/2014;17/05/2014;;;;Implementado con OK;;; ; ; ; ; 
PROY0129_02;;;;;;;Excluido por Timeout;;; ; ; ; ; 
PROY0130_01;06/08/2014;06/08/2014;11/10/2014;PGP;;;Implementado con OK;;; ; ; ; ; 
PROY0130_02;;;;PGP;;;Implementado con OK;;; ; ; ; ; 
PROY0130_03;;;;PGP;;;Implementado con OK;;; ; ; ; ; 
PROY0130_04;;;;PGP;;;En Test  Aceptación;;; ; ; ; ; 
PROY0130_05;;;;PGP;;;En Test  Aceptación;;; ; ; ; ; 
PROY0130_06;;;;;;;En Test  Conectividad;;; ; ; ; ; 
PROY0131_01;20/05/2014;23/05/2014;07/06/2014;;;;Implementado con OK;;; ; ; ; ; 
PROY0131_02;;;;;;;Parado por negocio;;; ; ; ; ; 
PROY0132_01;;;;;;;Implementado sin OK;;; ; ; ; ; 
PROY0132_02;;;;;;;Parado por negocio;;; ; ; ; ; 
PROY0133_01;13/05/2014;;20/05/2014;;;;Implementado con OK;;; ; ; ; ; 
PROY0133_02;20/06/2014;20/06/2014;05/07/2014;;;;Implementado con OK;;; ; ; ; ; 
PROY0134_01;;;;Host to Web;;;Excluido por Timeout;;; ; ; ; ; 
PROY0135_01;;;;;;;PDTE Doc Alcance en GCS;;; ; ; ; ; 
PROY0136_01;;;;;;;Excluido por Timeout;;; ; ; ; ; 
PROY0137_01;30/06/2014;25/08/2014;06/09/2014;;;;Implementado con OK;;; ; ; ; ; 
PROY0138_01;25/06/2014;25/06/2014;;;;;En Penny Test;;; ; ; ; ; 
PROY0138_02;09/07/2014;10/07/2014;;;;;En Penny Test;;; ; ; ; ; 
PROY0138_03;09/07/2014;10/07/2014;;;;;En Penny Test;;; ; ; ; ; 
PROY0138_04;;;;;;;PDTE Valoración IT;;; ; ; ; ; 
PROY0140_01;;;;;;;Excluido por Timeout;;; ; ; ; ; 
PROY0140_02;;;;;;;PDTE Doc Alcance en GCS;;; ; ; ; ; 
PROY0140_03;;;;;;;PDTE Doc Alcance en GCS;;; ; ; ; ; 
PROY0141_01;17/07/2014;18/07/2014;17/07/2014;;;;Implementado con OK;;; ; ; ; ; 
PROY0141_02;21/08/2014;21/08/2014;;;;;En Test  Aceptación;;; ; ; ; ; 
PROY0142_01;04/08/2014;04/08/2014;;;;;Implementado con OK;;; ; ; ; ; 
PROY0143_01;;;;;;;En Test  Conectividad;;; ; ; ; ; 
PROY0143_02;;;;;;;En Penny Test;;; ; ; ; ; 
PROY0144_01;;;;;;;Parado por negocio;;; ; ; ; ; 
PROY0145_01;;;;;;;PDTE Valoración IT;;; ; ; ; ; 
PROY0146_01;;;;;;;PDTE Doc Alcance en GCS;;; ; ; ; ; 
PROY0147_01;16/12/2014;16/12/2014;;;;;En Penny Test;;; ; ; ; ; 
PROY0148_01;;;;;;;Parado por negocio;;; ; ; ; ; 
PROY0150_01;22/10/2014;29/10/2014;06/11/2014;;;;En Penny Test;;; ; ; ; ; 
PROY0151_01;05/11/2014;05/11/2014;15/11/2014;;;;Implementado con OK;;; ; ; ; ; 
PROY0152_01;15/12/2014;18/12/2014;;;;;En Penny Test;;; ; ; ; ; 
PROY0153_01;;;;;;;Parado por negocio;;; ; ; ; ; 
PROY0154_01;27/01/2015;27/01/2015;;;21/01/2015;06/02/2015;En Test  Aceptación;;; ; ; ; ; 
PROY0154_02;19/01/2015;21/01/2015;;PGP;21/01/2015;06/02/2015;En Test  Aceptación;;; ; ; ; ; 
PROY0155_01;;;;;;;Parado por negocio;;; ; ; ; ; 
PROY0156_01;;;;;;;En Test  Conectividad;;; ; ; ; ; 
